class_id,class,sharpness_mean,sharpness_median,sharpness_std,brightness_mean,brightness_std,contrast_mean,contrast_std,intra_class_pixel_std_mean
0,Avión,2066.609293570757,1813.8229665756226,1258.0094667306269,0.5589905,0.13894895,0.20476171,0.056917384,0.24606837332248688
1,Automóvil,3346.0066424787046,3031.4316778182983,1511.0845194823492,0.45750752,0.12125223,0.23721667,0.04403156,0.2615857422351837
2,Pájaro,1816.7736462607384,1541.566701889038,1172.3841606212404,0.46827924,0.1345685,0.18244262,0.05393693,0.22932839393615723
3,Gato,2142.0464287378786,1890.7835988998413,1221.4544241969566,0.4561282,0.12912993,0.2171373,0.054143425,0.25518813729286194
4,Ciervo,1876.551205001831,1631.2189326286316,1142.264198313334,0.43803048,0.110173024,0.17843513,0.050406627,0.20994055271148682
5,Perro,2073.4733524003027,1874.3963079452515,1102.8439659515566,0.45970935,0.112010114,0.21703199,0.051434882,0.24523068964481354
6,Rana,2794.5811838803293,2481.803206920624,1564.5544229996249,0.41701782,0.12094098,0.18673804,0.049866,0.21967487037181854
7,Caballo,2820.1881182312964,2588.264564037323,1360.9431768093898,0.4653499,0.10183662,0.221496,0.049421493,0.24129478633403778
8,Barco,1986.1959608211516,1731.3425612449646,1239.4427890328725,0.5239735,0.111552075,0.21594733,0.051334817,0.23150809109210968
9,Camión,3271.2344537587164,2989.201217651367,1518.5381722763889,0.4877338,0.102731325,0.24960245,0.044555757,0.25083938241004944
