scenario,seed,class_id,class,precision,recall,f1,support
reference,42,0,Avión,0.8297872340425532,0.858,0.8436578171091446,1000
reference,42,1,Automóvil,0.9488817891373802,0.891,0.9190304280556988,1000
reference,42,2,Pájaro,0.8115942028985508,0.728,0.7675276752767528,1000
reference,42,3,Gato,0.7061224489795919,0.692,0.6989898989898989,1000
reference,42,4,Ciervo,0.7874659400544959,0.867,0.8253212755830557,1000
reference,42,5,Perro,0.7681451612903226,0.762,0.7650602409638554,1000
reference,42,6,Rana,0.8286235186873291,0.909,0.8669527896995708,1000
reference,42,7,Caballo,0.8933333333333333,0.871,0.8820253164556962,1000
reference,42,8,Barco,0.9195046439628483,0.891,0.9050279329608939,1000
reference,42,9,Camión,0.8917322834645669,0.906,0.8988095238095238,1000
full,42,0,Avión,0.7862281603288798,0.765,0.7754688291941206,1000
full,42,1,Automóvil,0.8994764397905759,0.859,0.878772378516624,1000
full,42,2,Pájaro,0.7137809187279152,0.606,0.6554894537587885,1000
full,42,3,Gato,0.6734397677793904,0.464,0.5494375370041444,1000
full,42,4,Ciervo,0.6424914675767918,0.753,0.6933701657458563,1000
full,42,5,Perro,0.8058252427184466,0.498,0.61557478368356,1000
full,42,6,Rana,0.5877910635619886,0.934,0.7215140981073773,1000
full,42,7,Caballo,0.7944501541623844,0.773,0.7835783071464775,1000
full,42,8,Barco,0.8541871921182266,0.867,0.860545905707196,1000
full,42,9,Camión,0.7600685518423308,0.887,0.8186432856483618,1000
flip_h,42,0,Avión,0.8364167478091529,0.859,0.8475579674395659,1000
flip_h,42,1,Automóvil,0.952928870292887,0.911,0.9314928425357873,1000
flip_h,42,2,Pájaro,0.8157894736842105,0.744,0.7782426778242678,1000
flip_h,42,3,Gato,0.723568281938326,0.657,0.6886792452830188,1000
flip_h,42,4,Ciervo,0.7545064377682403,0.879,0.8120092378752887,1000
flip_h,42,5,Perro,0.7913135593220338,0.747,0.7685185185185185,1000
flip_h,42,6,Rana,0.8039895923677364,0.927,0.8611240130051091,1000
flip_h,42,7,Caballo,0.9027196652719666,0.863,0.8824130879345603,1000
flip_h,42,8,Barco,0.9016881827209533,0.908,0.9048330842052815,1000
flip_h,42,9,Camión,0.9197530864197531,0.894,0.9066937119675457,1000
rotation,42,0,Avión,0.7903066271018794,0.799,0.7946295375435107,1000
rotation,42,1,Automóvil,0.9020408163265307,0.884,0.8929292929292929,1000
rotation,42,2,Pájaro,0.7453488372093023,0.641,0.689247311827957,1000
rotation,42,3,Gato,0.7053072625698324,0.505,0.5885780885780886,1000
rotation,42,4,Ciervo,0.6861184792219275,0.776,0.7282965743782261,1000
rotation,42,5,Perro,0.8223495702005731,0.574,0.6760895170789164,1000
rotation,42,6,Rana,0.640495867768595,0.93,0.7585644371941273,1000
rotation,42,7,Caballo,0.7961904761904762,0.836,0.8156097560975609,1000
rotation,42,8,Barco,0.8685491723466408,0.892,0.8801184015786877,1000
rotation,42,9,Camión,0.8083720930232559,0.869,0.8375903614457831,1000
zoom,42,0,Avión,0.8161838161838162,0.817,0.816591704147926,1000
zoom,42,1,Automóvil,0.9329140461215933,0.89,0.9109518935516888,1000
zoom,42,2,Pájaro,0.7748267898383372,0.671,0.7191854233654876,1000
zoom,42,3,Gato,0.6985040276179517,0.607,0.6495452113429642,1000
zoom,42,4,Ciervo,0.742653606411398,0.834,0.7856806406029204,1000
zoom,42,5,Perro,0.8136645962732919,0.655,0.7257617728531855,1000
zoom,42,6,Rana,0.6910688140556369,0.944,0.797971259509721,1000
zoom,42,7,Caballo,0.8866310160427807,0.829,0.8568475452196382,1000
zoom,42,8,Barco,0.8916256157635468,0.905,0.8982630272952854,1000
zoom,42,9,Camión,0.8611632270168855,0.918,0.888673765730881,1000
flip_v,42,0,Avión,0.7888446215139442,0.792,0.7904191616766467,1000
flip_v,42,1,Automóvil,0.9230769230769231,0.828,0.8729573010015814,1000
flip_v,42,2,Pájaro,0.7191283292978208,0.594,0.6506024096385542,1000
flip_v,42,3,Gato,0.5940919037199125,0.543,0.567398119122257,1000
flip_v,42,4,Ciervo,0.6406491499227203,0.829,0.7227550130775937,1000
flip_v,42,5,Perro,0.7138121546961326,0.646,0.6782152230971129,1000
flip_v,42,6,Rana,0.7317269076305221,0.911,0.8115812917594655,1000
flip_v,42,7,Caballo,0.8322147651006712,0.744,0.7856388595564942,1000
flip_v,42,8,Barco,0.8466076696165191,0.861,0.8537431829449678,1000
flip_v,42,9,Camión,0.8545816733067729,0.858,0.8562874251497006,1000
blur,42,0,Avión,0.5911708253358925,0.616,0.6033300685602351,1000
blur,42,1,Automóvil,0.6297608503100088,0.711,0.6679192108971348,1000
blur,42,2,Pájaro,0.6164772727272727,0.217,0.3210059171597633,1000
blur,42,3,Gato,0.47265625,0.121,0.1926751592356688,1000
blur,42,4,Ciervo,0.5617283950617284,0.273,0.3674293405114401,1000
blur,42,5,Perro,0.5217391304347826,0.468,0.4934106483921982,1000
blur,42,6,Rana,0.3881516587677725,0.819,0.5266881028938907,1000
blur,42,7,Caballo,0.525811209439528,0.713,0.6052631578947368,1000
blur,42,8,Barco,0.6719524281466799,0.678,0.6749626679940269,1000
blur,42,9,Camión,0.5304475421863536,0.723,0.6119339822259839,1000
