class_id,class,precision_reference,recall_reference,f1_reference,precision_full,recall_full,f1_full,delta_f1_pp
0,Avión,0.8297872340425532,0.858,0.8436578171091446,0.7862281603288798,0.765,0.7754688291941206,-6.818898791502392
1,Automóvil,0.9488817891373802,0.891,0.9190304280556988,0.8994764397905759,0.859,0.878772378516624,-4.025804953907475
2,Pájaro,0.8115942028985508,0.728,0.7675276752767528,0.7137809187279152,0.606,0.6554894537587885,-11.203822151796427
3,Gato,0.7061224489795919,0.692,0.6989898989898989,0.6734397677793904,0.464,0.5494375370041444,-14.95523619857545
4,Ciervo,0.7874659400544959,0.867,0.8253212755830557,0.6424914675767918,0.753,0.6933701657458563,-13.195110983719937
5,Perro,0.7681451612903226,0.762,0.7650602409638554,0.8058252427184466,0.498,0.61557478368356,-14.948545728029538
6,Rana,0.8286235186873291,0.909,0.8669527896995708,0.5877910635619886,0.934,0.7215140981073773,-14.543869159219348
7,Caballo,0.8933333333333333,0.871,0.8820253164556962,0.7944501541623844,0.773,0.7835783071464775,-9.844700930921867
8,Barco,0.9195046439628483,0.891,0.9050279329608939,0.8541871921182266,0.867,0.860545905707196,-4.448202725369788
9,Camión,0.8917322834645669,0.906,0.8988095238095238,0.7600685518423308,0.887,0.8186432856483618,-8.016623816116208
