class,reference,full,flip_h,rotation,zoom,flip_v,blur
Avión,0.8436578171091446,0.7754688291941206,0.8475579674395659,0.7946295375435107,0.816591704147926,0.7904191616766467,0.6033300685602351
Automóvil,0.9190304280556988,0.878772378516624,0.9314928425357873,0.8929292929292929,0.9109518935516888,0.8729573010015814,0.6679192108971348
Pájaro,0.7675276752767528,0.6554894537587885,0.7782426778242678,0.689247311827957,0.7191854233654876,0.6506024096385542,0.3210059171597633
Gato,0.6989898989898989,0.5494375370041444,0.6886792452830188,0.5885780885780886,0.6495452113429642,0.567398119122257,0.1926751592356688
Ciervo,0.8253212755830557,0.6933701657458563,0.8120092378752887,0.7282965743782261,0.7856806406029204,0.7227550130775937,0.3674293405114401
Perro,0.7650602409638554,0.61557478368356,0.7685185185185185,0.6760895170789164,0.7257617728531855,0.6782152230971129,0.4934106483921982
Rana,0.8669527896995708,0.7215140981073773,0.8611240130051091,0.7585644371941273,0.797971259509721,0.8115812917594655,0.5266881028938907
Caballo,0.8820253164556962,0.7835783071464775,0.8824130879345603,0.8156097560975609,0.8568475452196382,0.7856388595564942,0.6052631578947368
Barco,0.9050279329608939,0.860545905707196,0.9048330842052815,0.8801184015786877,0.8982630272952854,0.8537431829449678,0.6749626679940269
Camión,0.8988095238095238,0.8186432856483618,0.9066937119675457,0.8375903614457831,0.888673765730881,0.8562874251497006,0.6119339822259839
