scenario,true_class,outcome,test_index,predicted_class,confidence
reference,Avión,correct,7701,Avión,0.9999673962593079
reference,Avión,incorrect,2379,Barco,0.9983140826225281
reference,Automóvil,correct,2694,Automóvil,1.0
reference,Automóvil,incorrect,7892,Camión,0.998921811580658
reference,Pájaro,correct,2074,Pájaro,0.9999929666519165
reference,Pájaro,incorrect,4003,Avión,0.9967465400695801
reference,Gato,correct,4407,Gato,0.9997788071632385
reference,Gato,incorrect,2405,Rana,0.9997100234031677
reference,Ciervo,correct,5699,Ciervo,0.9999984502792358
reference,Ciervo,incorrect,3962,Caballo,0.9967939853668213
reference,Perro,correct,3487,Perro,0.9999704957008362
reference,Perro,incorrect,4139,Ciervo,0.9867081642150879
reference,Rana,correct,19,Rana,0.9999973773956299
reference,Rana,incorrect,8932,Pájaro,0.9673090577125549
reference,Caballo,correct,9554,Caballo,0.9999996423721313
reference,Caballo,incorrect,8981,Ciervo,0.9910814762115479
reference,Barco,correct,2052,Barco,1.0
reference,Barco,incorrect,4865,Camión,0.997036337852478
reference,Camión,correct,5054,Camión,0.9999986886978149
reference,Camión,incorrect,3501,Automóvil,0.9901168346405029
