scenario,true_class,predicted_class,count,row_fraction
full,Gato,Rana,219,0.219
full,Perro,Gato,149,0.149
full,Pájaro,Rana,132,0.132
full,Ciervo,Rana,121,0.121
full,Perro,Rana,109,0.109
full,Automóvil,Camión,101,0.101
full,Pájaro,Ciervo,99,0.099
full,Caballo,Ciervo,99,0.099
full,Gato,Ciervo,89,0.089
full,Perro,Ciervo,86,0.086
reference,Perro,Gato,132,0.132
reference,Gato,Perro,127,0.127
reference,Pájaro,Ciervo,72,0.072
reference,Pájaro,Rana,64,0.064
reference,Automóvil,Camión,60,0.06
reference,Barco,Avión,52,0.052
reference,Gato,Ciervo,51,0.051
reference,Gato,Rana,48,0.048
reference,Pájaro,Avión,43,0.043
reference,Caballo,Ciervo,40,0.04
